data;tmin;tmax;tmed
20/10/2000;27;15.4;21.1
21/10/2000;28.2;13;19
22/10/2000;30.2;13.6;20.3
23/10/2000;29;12;20
24/10/2000;24.6;16.8;19.3
25/10/2000;21.6;17.2;19.6
26/10/2000;22.6;17.2;19.8
27/10/2000;23.4;16;19
28/10/2000;22.6;9.2;14.2
29/10/2000;22;10.2;15.4
30/10/2000;25;11.4;17
31/10/2000;26.8;12;19.2
01/11/2000;27.6;13.4;20.3
02/11/2000;18;15.4;16.5
03/11/2000;25;14.8;19.4
04/11/2000;26.6;14;19.1
05/11/2000;25.2;14;18.6
06/11/2000;26.8;15.6;19.9
07/11/2000;25;16.6;18.4
08/11/2000;24.2;14.2;17.9
09/11/2000;24.8;15.4;18.8
10/11/2000;26.6;14.6;19
11/11/2000;22.4;15.6;18.6
12/11/2000;23.4;16.6;18.7
13/11/2000;24.8;15;19.6
14/11/2000;25.2;14.4;18.4
15/11/2000;21.8;9;13.9
16/11/2000;24.4;8.4;16.7
17/11/2000;24.6;13.4;16.7
18/11/2000;22.8;12.4;15.9
19/11/2000;28;10.4;19.1
20/11/2000;28.6;13;19
21/11/2000;20.8;15;16.7
22/11/2000;27.2;10;18.5
23/11/2000;29.6;15;22
24/11/2000;26.2;16.6;19.6
25/11/2000;24;14.4;19.3
26/11/2000;24.6;12.6;17.6
27/11/2000;29.2;14.4;21.4
28/11/2000;31.2;15;22.2
29/11/2000;24.8;14.6;19.6
30/11/2000;19;15;16.5
01/12/2000;21;11.8;16
02/12/2000;24.8;13;17.8
03/12/2000;26.6;14.4;19.1
04/12/2000;22.2;15.2;18.6
05/12/2000;24.2;14;18.6
06/12/2000;25.6;11.4;17.4
07/12/2000;29.2;9.8;19.3
08/12/2000;31.6;12;21.2
09/12/2000;29;13.6;23.5
10/12/2000;31.6;14;20.8
11/12/2000;28;14.4;20
12/12/2000;26;16.6;21.2
13/12/2000;26;18;21.7
14/12/2000;27;18.6;21.4
15/12/2000;27.4;18;21.1
16/12/2000;23;11.8;16.4
17/12/2000;22.2;8.6;14.9
18/12/2000;25;12;16.8
19/12/2000;28;9.6;19.2
20/12/2000;29;12.6;21.2
21/12/2000;28.8;16.4;21.5
22/12/2000;27;16;20.3
23/12/2000;27;11.4;19
24/12/2000;21.8;17.2;19.9
25/12/2000;29.6;18.2;22.6
26/12/2000;32;16.6;24
27/12/2000;29.4;18.4;22.4
28/12/2000;26.6;18.2;21.6
29/12/2000;26.2;17;21.3
30/12/2000;25.2;17;19.6
31/12/2000;26.2;11.8;19.1
01/01/2001;26.2;15.2;20.8
02/01/2001;27.4;16.8;20.7
03/01/2001;29.6;17;22.9
04/01/2001;30.2;15.8;22.6
05/01/2001;29.6;17.6;21.8
06/01/2001;26.8;14.8;20.6
07/01/2001;26.4;19.2;21.1
08/01/2001;29.7;16.6;22.2
09/01/2001;28;17.8;21.9
10/01/2001;27.6;18.4;22.7
11/01/2001;24;15.2;17.9
12/01/2001;17.6;15.2;16.4
13/01/2001;25;15.2;19.8
14/01/2001;26.6;18.4;21.4
15/01/2001;26;17;20.8
16/01/2001;26.5;16.8;20.1
17/01/2001;28.6;18.5;21.8
18/01/2001;31.4;17;22.1
19/01/2001;29;16.8;21.6
20/01/2001;26;16.2;19.6
21/01/2001;21.6;15.4;18.3
22/01/2001;26;15.2;19.5
23/01/2001;25;17.4;20.5
24/01/2001;26.4;17.6;21.6
25/01/2001;27.6;18.4;22.3
26/01/2001;31.2;16.6;23
27/01/2001;28.6;17.6;21.7
28/01/2001;29.6;15.6;22.4
29/01/2001;26;17;20.8
30/01/2001;26.5;15.4;20.5
31/01/2001;23.8;18;20.1
01/02/2001;28;16.6;22
02/02/2001;26.6;17.4;21.1
03/02/2001;25;18.2;21.3
04/02/2001;27.6;18.6;21.7
05/02/2001;27;18;21.6
24/10/2001;25.5;5.4;16.2
25/10/2001;26.6;13.4;19
26/10/2001;28;12.6;19.5
27/10/2001;29;14.2;20.5
28/10/2001;29.5;13.4;21.3
29/10/2001;30;12.8;20.9
30/10/2001;25.6;17.4;21.6
31/10/2001;26.5;16;19.3
01/11/2001;26.6;9.8;18.5
02/11/2001;26.8;13.4;18.2
03/11/2001;24;12.4;16.9
04/11/2001;22;12.2;16.4
05/11/2001;27.5;10.4;18.4
06/11/2001;29.5;12.6;20.8
07/11/2001;26.6;14;19.6
08/11/2001;26.6;15;20.9
09/11/2001;23;16.6;19.2
10/11/2001;23.2;16.6;19.7
11/11/2001;23.2;16;18.7
12/11/2001;27.6;14.8;20
13/11/2001;26.5;11.4;19.3
14/11/2001;25;14.6;19.1
15/11/2001;24.6;16.2;19.4
16/11/2001;24.6;16.8;19.2
17/11/2001;21.8;13;16.9
18/11/2001;26.6;12.8;19.8
19/11/2001;28;15.2;21.4
20/11/2001;27.6;16;21.5
21/11/2001;29;18.2;21.9
22/11/2001;29;17.4;22.2
23/11/2001;32;15;23.4
24/11/2001;32.2;16.2;23.9
25/11/2001;25;19;21
26/11/2001;27.6;18.2;22.3
27/11/2001;26.5;17.4;21
28/11/2001;23;17;19.4
29/11/2001;24;16.6;18.8
30/11/2001;20;15;16.6
01/12/2001;17;9.8;13.2
02/12/2001;24.6;9.8;16.5
03/12/2001;25.6;12.4;19.2
04/12/2001;19.5;14;16.1
05/12/2001;18;15;15.7
06/12/2001;25.4;13.4;19.1
07/12/2001;27.6;11.6;19.9
08/12/2001;29.6;13.2;21.5
09/12/2001;28.5;14.5;21
10/12/2001;28;16.5;20.6
11/12/2001;28;16;20
12/12/2001;26;16;20.3
13/12/2001;26.4;16.5;20
14/12/2001;26.8;12.8;20.1
15/12/2001;22.8;17.4;19.3
16/12/2001;24.2;16.2;18.6
17/12/2001;26.2;10.4;17.8
18/12/2001;27.2;10;18.9
19/12/2001;30;11.8;20.8
20/12/2001;31.5;13.2;23.4
21/12/2001;31;18.8;22.8
22/12/2001;23.5;17.6;19.6
23/12/2001;22.2;14.8;17.6
24/12/2001;23.6;11.5;16.8
25/12/2001;23.4;11;17.2
26/12/2001;24;13.6;18.4
27/12/2001;27;13.5;20.3
28/12/2001;26.4;17;20.7
29/12/2001;28.6;15.6;21.9
30/12/2001;29.6;15;22.4
31/12/2001;27.6;18;21.9
01/01/2002;28;14;20.2
02/01/2002;28;11.6;20.7
03/01/2002;27.5;12.4;20.9
04/01/2002;28;11.8;20.7
05/01/2002;26;17.6;20.4
06/01/2002;27;16.5;22.1
07/01/2002;27.8;13.5;20.9
08/01/2002;30.4;12;22.5
09/01/2002;28.8;18;22
10/01/2002;24;14.8;19
11/01/2002;24.6;16.8;19.7
12/01/2002;28.5;15.4;19.5
13/01/2002;24.7;14.5;20.1
14/01/2002;26.6;16.8;21.7
15/01/2002;22;16.8;18.1
16/01/2002;22.2;7.8;15.1
17/01/2002;23;7.2;15.8
18/01/2002;25.2;11;17.7
19/01/2002;25.6;11.6;18.9
20/01/2002;28;16;20.8
21/01/2002;29.6;15.4;22.4
22/01/2002;25.4;18.4;20.6
23/01/2002;27;17.4;20.6
24/01/2002;26.4;16.4;20.5
25/01/2002;26.5;18;21.6
26/01/2002;27;16;21.7
27/01/2002;27.5;17;22.6
28/01/2002;24;17.5;20.2
29/01/2002;27;13.8;20.4
30/01/2002;28.4;15.4;21.9
31/01/2002;28.6;17.2;21
01/02/2002;24;13.4;19.4
02/02/2002;24;9.6;17
03/02/2002;24.4;11;17.8
04/02/2002;25;13.4;18.1
05/02/2002;26.5;14.4;19.7
06/02/2002;23;14;18.4
07/02/2002;24;15.4;18
08/02/2002;25.5;13.4;18.8
09/02/2002;25.4;14;18.9
10/02/2002;26.5;10.4;18.6
11/02/2002;29;11.6;20.4
12/02/2002;28;15;20.6
20/10/2002;22.8;15.6;18.2
21/10/2002;19.6;13.4;16.7
22/10/2002;20;9.4;12.8
23/10/2002;16.5;7.6;12.9
24/10/2002;25.5;12;17.2
25/10/2002;18.4;14.8;16.5
26/10/2002;20.4;12.4;16.7
27/10/2002;26;13;18.9
28/10/2002;25.2;15.4;19.5
29/10/2002;22;16.2;18.9
30/10/2002;19.2;15.8;17.2
31/10/2002;18.8;13.6;15.6
01/11/2002;23.5;13;17.8
02/11/2002;26.4;14.8;19.4
03/11/2002;30.5;15;21.9
04/11/2002;21.8;15;17
05/11/2002;22.6;11.4;16.2
06/11/2002;20;12.2;14.6
07/11/2002;19.4;10.8;14
08/11/2002;21.8;8.6;14.2
09/11/2002;28.5;11.8;19.5
10/11/2002;21;14.2;16.3
11/11/2002;20.5;8.2;13.7
12/11/2002;25.2;6;16.5
13/11/2002;24.6;9.6;17.6
14/11/2002;23.5;13.2;18.1
15/11/2002;27.2;12.6;20.8
16/11/2002;26.5;15.8;20.5
17/11/2002;29;15;21.6
18/11/2002;27.6;15.4;20.3
19/11/2002;28.5;11;20.8
20/11/2002;30.5;18.8;21.9
21/11/2002;25.6;16.6;21.3
22/11/2002;21.5;16.2;17.8
23/11/2002;28.8;14;20.9
24/11/2002;31;16.4;24.1
25/11/2002;30.5;18.2;22.1
26/11/2002;29;18.8;24
27/11/2002;29.5;19.4;22.9
28/11/2002;25.8;18.2;20.8
29/11/2002;22.4;18.2;20.4
30/11/2002;28.4;18;22.7
01/12/2002;27.4;17;20.7
02/12/2002;22;16.5;19.6
03/12/2002;22;17.6;19.8
04/12/2002;25;17;20.6
05/12/2002;27;18;21.7
06/12/2002;26.2;17.4;22
07/12/2002;25.4;18.4;20.7
08/12/2002;21;16;18.2
09/12/2002;19.5;13.2;16.3
10/12/2002;19.8;14;17.3
11/12/2002;25.4;16;19
12/12/2002;26.5;16.6;20
13/12/2002;28;14.2;20.7
14/12/2002;30;17;23.3
15/12/2002;25.4;18;21.9
16/12/2002;27.6;15.4;21.8
17/12/2002;28;16;20.5
18/12/2002;27.6;11.6;20.3
19/12/2002;29;17.6;22
20/12/2002;26.5;16.8;21
21/12/2002;23;18;21
22/12/2002;27.8;18;21.9
23/12/2002;28.8;17;21.1
24/12/2002;23.4;16;20.1
25/12/2002;26.8;16.8;19.8
26/12/2002;24.8;15.2;18.4
27/12/2002;29.4;13;20.5
28/12/2002;30.4;15.4;22.6
29/12/2002;31;16.4;22.8
30/12/2002;31;19.2;24.6
31/12/2002;31;19.2;23.4
01/01/2003;30.6;17;23
02/01/2003;29.2;16.2;22.8
03/01/2003;28.8;18;22.2
04/01/2003;26.5;18.6;21.6
05/01/2003;28.4;18.2;22.6
06/01/2003;29.4;14.6;22.2
07/01/2003;29.4;13.2;21
08/01/2003;30.4;15.2;23.4
09/01/2003;31.8;19.4;24.2
10/01/2003;23.6;16.6;19.3
11/01/2003;24.2;15;19.6
12/01/2003;25.8;16.4;19.4
13/01/2003;26.5;15.8;20.3
14/01/2003;26.7;17.6;20.8
15/01/2003;25.8;17.4;20.7
16/01/2003;25.5;16;20
17/01/2003;27.2;18.2;22.3
18/01/2003;29.6;16.8;22.9
19/01/2003;28.6;19;22.1
20/01/2003;26;19;21.7
21/01/2003;28.6;14.8;21.8
22/01/2003;27.2;16.8;22.1
23/01/2003;23.8;19.2;21
24/01/2003;24.3;17;20
25/01/2003;21.2;16.2;18.8
26/01/2003;23.8;16.6;18.9
27/01/2003;21;16.8;18.8
28/01/2003;27;15;20.8
29/01/2003;28.8;15.8;22
30/01/2003;29.5;18;23.1
31/01/2003;29.4;19;23.6
01/02/2003;28;19.4;22
02/02/2003;30.4;18;23.7
03/02/2003;31.2;16.8;23.3
04/02/2003;31.8;16.2;23.1
05/02/2003;29.4;16;21.8
06/02/2003;29.8;17.4;22.4
07/02/2003;28;17.8;21.9
08/02/2003;29;18.2;21.7
09/02/2003;29.5;18.6;22.5
10/02/2003;26;18.6;21.8
11/02/2003;26;17.2;21.4
12/02/2003;27.8;17.6;21.2
17/10/2003;28.4;7.2;17.6
18/10/2003;30.2;9.4;20
19/10/2003;20.6;11.4;16.8
20/10/2003;25.5;14.8;18.9
21/10/2003;20;15.4;16.6
22/10/2003;22.5;11.4;16
23/10/2003;22.5;8.4;15.2
24/10/2003;24.5;13.4;17.9
25/10/2003;28.8;17.4;21
26/10/2003;21;15.4;17.2
27/10/2003;20;13.6;16.3
28/10/2003;21.4;13.4;17.2
29/10/2003;23;13;17.8
30/10/2003;26.4;14;19.2
31/10/2003;27.5;13.8;20.4
01/11/2003;21;12.4;15.4
02/11/2003;15;11.8;12.6
03/11/2003;21.5;8.2;14.3
04/11/2003;23;9.2;15.3
05/11/2003;22;10.6;15.3
06/11/2003;15.3;12;13.6
07/11/2003;23;12.6;17.4
08/11/2003;27.3;10.8;19.2
09/11/2003;29.5;12;20.7
10/11/2003;30.3;14.2;22.8
11/11/2003;30.6;17.6;24
12/11/2003;33.2;16.4;23.1
13/11/2003;18.2;13.2;15.1
14/11/2003;22.4;6.6;15.4
15/11/2003;24.5;13.4;18.9
16/11/2003;20;16;17.7
17/11/2003;28.2;15.6;20.6
18/11/2003;23.5;16.6;18.3
19/11/2003;23.8;10.8;17
20/11/2003;24.5;8.4;16.6
21/11/2003;24.8;11.2;17.3
22/11/2003;28.4;13;18.8
23/11/2003;30.2;15.8;21.4
24/11/2003;24.8;15.2;19.5
25/11/2003;26.8;15.4;20.2
26/11/2003;23.7;17;20
27/11/2003;23.2;17.4;19.2
28/11/2003;28;14.6;21.2
29/11/2003;28.4;13;20.2
30/11/2003;27.4;11;20
01/12/2003;28;17;21.6
02/12/2003;29.5;15.6;22.2
03/12/2003;29.6;17;23.3
04/12/2003;24;19.6;21
05/12/2003;27;16.6;20.3
06/12/2003;25.2;10.4;17.3
07/12/2003;26.6;11.2;18.9
08/12/2003;23;16.6;19
09/12/2003;21.4;12.6;15.8
10/12/2003;27.2;6;19.1
11/12/2003;28.5;15.2;19.4
12/12/2003;24.2;14.2;18.8
13/12/2003;19.5;15.2;16.9
14/12/2003;22;15;19.2
15/12/2003;27.5;19.4;22.3
16/12/2003;21.4;16.4;18
17/12/2003;18.7;9.4;14.6
18/12/2003;23.7;13.4;17.8
19/12/2003;20.4;15.2;18.1
20/12/2003;21.5;17.5;18.9
21/12/2003;20.7;16;18.5
22/12/2003;21.5;13.2;18.5
23/12/2003;26.4;14.8;19.9
24/12/2003;24.5;14.4;17.9
25/12/2003;24.6;13.8;18.7
26/12/2003;24.4;13.4;18.9
27/12/2003;26.4;16.4;20.6
28/12/2003;24.5;18.4;21.4
29/12/2003;27.7;17.2;21.5
30/12/2003;26.2;17.4;21.3
31/12/2003;21.5;17.4;19.1
01/01/2004;23.5;15.6;18.4
02/01/2004;25;13.6;18.2
03/01/2004;24.7;13.6;18.1
04/01/2004;24;11.8;18.2
05/01/2004;26;15.6;20.1
06/01/2004;28;17.4;21.1
07/01/2004;26.6;18;20.9
08/01/2004;26.4;17.2;21.1
09/01/2004;28.7;18.6;22.8
10/01/2004;27.5;17.8;22.4
11/01/2004;28.7;18.6;21.7
12/01/2004;26.6;13.4;20.2
13/01/2004;25;16.8;19.6
14/01/2004;25.8;17;20
15/01/2004;26;14.2;20.3
16/01/2004;27.7;13.2;20.8
17/01/2004;28;17.6;20.6
18/01/2004;26.5;16.8;19.4
19/01/2004;25.6;14;18.7
20/01/2004;23;14.6;19.5
21/01/2004;24.2;16.3;21.2
22/01/2004;26.3;18.2;22.2
23/01/2004;27.7;18.4;21.5
24/01/2004;26.2;19.2;21.2
25/01/2004;27;17.2;22
26/01/2004;28;17;22.8
27/01/2004;29;16;21.8
28/01/2004;28.5;19;21.4
29/01/2004;28.5;18.4;20.6
30/01/2004;26.5;16.6;21
31/01/2004;28;16;22
01/02/2004;28.3;16.2;22.2
02/02/2004;29;18.6;22.8
03/02/2004;28.5;18.8;23.1
12/10/2004;23.7;15.6;19.2
13/10/2004;20;16;17.4
14/10/2004;26.2;14.8;19
15/10/2004;20.5;15.2;17.9
16/10/2004;27.2;17;21.9
17/10/2004;22.5;14.2;17.3
18/10/2004;20.4;13.4;15.6
19/10/2004;21.2;13.4;15.4
20/10/2004;22.7;5.8;13.9
21/10/2004;20.2;9.4;14.4
22/10/2004;20.8;12.6;16.6
23/10/2004;20.2;15.2;17.2
24/10/2004;20.4;15.4;17.4
25/10/2004;17.7;9.4;12.2
26/10/2004;23.7;5;14.7
27/10/2004;19.3;7.6;12
28/10/2004;24.6;3.6;14.6
29/10/2004;26.2;6.2;15.5
30/10/2004;30.2;13;23.7
31/10/2004;22.2;14.8;17.8
01/11/2004;22.2;13.8;17.8
02/11/2004;25;15.2;19.4
03/11/2004;29.5;16.4;20.4
04/11/2004;29.4;14.6;21.2
05/11/2004;24.2;15.4;19.8
06/11/2004;19.6;13.2;14.8
07/11/2004;15.6;8.4;12.6
08/11/2004;18.8;11.4;15.4
09/11/2004;20;13.2;17
10/11/2004;17.7;15.6;16.7
11/11/2004;19.5;12.2;15
12/11/2004;19.5;10.6;14.1
13/11/2004;25.4;8.2;15.9
14/11/2004;20.7;12.8;16.7
15/11/2004;18;14.6;15.9
16/11/2004;23.6;15.2;19
17/11/2004;24.8;16.8;19.9
18/11/2004;23.6;8.4;16.1
19/11/2004;22;9;14.8
20/11/2004;23.2;5.4;14.6
21/11/2004;26.6;8.6;17.9
22/11/2004;27.7;13.2;19.5
23/11/2004;28;13.4;19
24/11/2004;28.8;15.8;21.6
25/11/2004;30.8;16.2;21.8
26/11/2004;29.7;16.6;21.2
27/11/2004;25.3;15.6;19.7
28/11/2004;25.3;15.8;19.5
29/11/2004;26;14;19.5
30/11/2004;26.4;15.6;19.8
01/12/2004;23.6;15;18.1
02/12/2004;23.5;15;17.9
03/12/2004;23.8;14.8;19.2
04/12/2004;30.2;17.6;22.4
05/12/2004;28.6;17.2;21.4
06/12/2004;26.2;18;21.4
07/12/2004;28.6;17.6;21.8
08/12/2004;26.8;17;21.5
09/12/2004;24.2;17.6;19.5
10/12/2004;19.3;13;15.5
11/12/2004;20.2;12;15.6
12/12/2004;24.3;10.2;16.7
13/12/2004;26.8;10.4;18.7
14/12/2004;28.5;13.2;21.1
15/12/2004;27.5;17.2;21.2
16/12/2004;30;16.4;21.4
17/12/2004;24.5;16.8;19.1
18/12/2004;26.3;16.6;20.6
19/12/2004;29.4;15.8;19.8
20/12/2004;25;12.2;19.4
21/12/2004;21.2;15;17.6
22/12/2004;17.2;13;14.4
23/12/2004;16.6;12.4;14.4
24/12/2004;24.5;13.6;18.3
25/12/2004;27.6;15.2;21.3
26/12/2004;27;14;20.4
27/12/2004;24.5;10;17.5
28/12/2004;27.3;10.8;19.7
29/12/2004;29.2;16.8;21.9
30/12/2004;26.7;16;21.7
31/12/2004;30.4;16.2;23.5
01/01/2005;28.5;18.8;22.8
02/01/2005;29;18.6;23.2
03/01/2005;22.7;19;20
04/01/2005;25.4;18;21
05/01/2005;29.6;17.6;22.6
06/01/2005;27.7;17.8;22.3
07/01/2005;27.2;18.6;23.3
08/01/2005;30.7;20.2;23.9
09/01/2005;29.8;20.3;23.7
10/01/2005;25.5;20.4;22.1
11/01/2005;24.5;18.8;21.3
12/01/2005;28.4;17.8;21.6
13/01/2005;29.4;14.8;21
14/01/2005;28;17.6;21.4
15/01/2005;30.2;15.6;21.6
16/01/2005;24.5;17.4;19.4
17/01/2005;23.8;14;18.9
18/01/2005;26;17.6;21.9
19/01/2005;26;19.2;21.9
20/01/2005;28;18.2;22.1
21/01/2005;29.7;13;22.3
22/01/2005;30.3;18.8;23.6
23/01/2005;31.5;19;23
24/01/2005;23.7;19.4;21.2
25/01/2005;25.7;18;20
26/01/2005;23.8;10.8;16.6
27/01/2005;19.6;11.8;15.8
28/01/2005;20.8;15.4;18.5
29/01/2005;23.7;18;20.4
30/01/2005;24.2;18.4;20.6
31/01/2005;28;17.8;22.2
01/02/2005;28.5;15.6;20.9
02/02/2005;27.8;14.6;20.4
03/02/2005;25.2;16.4;19.8
04/02/2005;26.2;16.2;20.2
05/02/2005;26.4;16.8;20.3
06/02/2005;27.6;14.8;19.6
07/02/2005;25.6;13;18.6
08/02/2005;24;12;17.7
09/02/2005;27;12.8;18.8
10/02/2005;26.4;13.4;19.6
29/10/2005;22.3;14.4;16.7
30/10/2005;23;9.4;14.8
31/10/2005;21.6;7.2;12.4
01/11/2005;22;6.2;14.7
02/11/2005;27.6;11.4;18
03/11/2005;26;12.8;18.8
04/11/2005;26.6;13;17.5
05/11/2005;28.2;11.6;18.5
06/11/2005;21.5;13;15.8
07/11/2005;18.5;9;15
08/11/2005;19;11.8;15.3
09/11/2005;21.4;9.4;15
10/11/2005;18.3;12.2;15.1
11/11/2005;21.8;12.8;17.1
12/11/2005;24.5;13.6;17.9
13/11/2005;28;13.6;19.7
14/11/2005;28;12.8;21
15/11/2005;28.5;15.2;21.7
16/11/2005;28.4;13.6;20.9
17/11/2005;21.2;16.6;19
18/11/2005;27.5;16.6;21.5
19/11/2005;26;16.2;20.8
20/11/2005;27.2;13.2;19
21/11/2005;29.5;10.8;20
22/11/2005;29.8;14.4;21.7
23/11/2005;29.6;11.8;21.3
24/11/2005;23.5;17.2;19.6
25/11/2005;24.6;15;18.4
26/11/2005;25.5;11.2;8.5
27/11/2005;26;10.2;18.2
28/11/2005;26.5;11.8;19.2
29/11/2005;30.4;15.4;21.5
30/11/2005;30.7;16;22.2
01/12/2005;27.8;17.6;22
02/12/2005;23.5;16;18.5
03/12/2005;24;12.6;16.5
04/12/2005;28;16.4;20.3
05/12/2005;24.5;12.6;18.7
06/12/2005;24;11.8;17.4
07/12/2005;23.2;9.2;16.3
08/12/2005;25.8;13;19
09/12/2005;30;15.2;22
10/12/2005;24.4;13;18.1
11/12/2005;22;13.4;17
12/12/2005;23.6;14.6;17.9
13/12/2005;25.5;14;18.2
14/12/2005;27.4;14.4;19.9
15/12/2005;26.2;15.5;18.9
16/12/2005;27.5;12.6;19.9
17/12/2005;25.4;16;20.2
18/12/2005;22;15.2;19.1
19/12/2005;27.8;13;19.4
20/12/2005;23.5;15.2;18.5
21/12/2005;24.5;16.6;20.1
22/12/2005;30.3;18.4;23.3
23/12/2005;30.6;17;21.7
24/12/2005;27.2;14.6;20
25/12/2005;27.4;15;19.9
26/12/2005;20.2;13.8;16.3
27/12/2005;22.6;14.6;18.2
28/12/2005;27;14.2;20
29/12/2005;27.6;13.8;21.6
30/12/2005;27.6;15.6;21.3
31/12/2005;26.6;16;20.2
01/01/2006;25.1;15.2;19.7
02/01/2006;26.5;15.8;20.5
03/01/2006;26.6;15.8;21.6
04/01/2006;29.6;17;22.4
05/01/2006;25.6;16.6;21.2
06/01/2006;28.8;17.5;22.3
07/01/2006;31;17.4;23.7
08/01/2006;32.6;18.2;25
09/01/2006;31.6;19;24.1
10/01/2006;32;17.6;24.1
11/01/2006;31.2;16.4;23.4
12/01/2006;30.4;16;21.6
13/01/2006;29.2;16;22.2
14/01/2006;30.4;19;23.5
15/01/2006;32.2;19;24.9
16/01/2006;33;17.2;24.4
17/01/2006;31.5;17;21.7
18/01/2006;24.5;16;19.8
19/01/2006;22;17;19.3
20/01/2006;28.2;16.5;21.9
21/01/2006;28.6;17.4;21.6
22/01/2006;27.2;17;21.3
23/01/2006;23.8;18;20.9
24/01/2006;26.6;19;21.4
25/01/2006;23.5;18;20.4
26/01/2006;27.6;17;21.1
27/01/2006;26.2;17;20.7
28/01/2006;25;20;21.1
29/01/2006;28;17.5;21.1
30/01/2006;29.6;15;20.8
18/10/2006;21;13;16.2
19/10/2006;23;13.6;16.8
20/10/2006;21.8;13;16.2
21/10/2006;24;11.8;16.9
22/10/2006;25;12.8;17.5
23/10/2006;23.8;13;17.3
24/10/2006;25;12.5;18
25/10/2006;28;14;19.8
26/10/2006;29;13;21.1
27/10/2006;30;13.5;21.3
28/10/2006;32.2;14;22.9
29/10/2006;31;13.6;22
30/10/2006;30;18;23.3
31/10/2006;29;17;21.1
01/11/2006;21.8;17;19.5
02/11/2006;27.4;16.5;20.3
03/11/2006;26.2;17;21
04/11/2006;21.6;16.8;18.2
05/11/2006;23.4;16;19.3
06/11/2006;20.6;16;18.8
07/11/2006;24.4;14;17.6
08/11/2006;24.2;8;14.2
09/11/2006;20;8;14.3
10/11/2006;22.3;4;13.2
11/11/2006;23.2;4.5;14.5
12/11/2006;21;12;15.2
13/11/2006;22.7;10;15.7
14/11/2006;23.4;11;17.1
15/11/2006;27.6;14;20.6
16/11/2006;30.4;15;22.4
17/11/2006;29;15;22.8
18/11/2006;22.2;17.8;18.9
19/11/2006;19;16.5;17.8
20/11/2006;20.6;14;16
21/11/2006;26.4;13.5;18.9
22/11/2006;28.5;16;20.1
23/11/2006;29.4;14;21.9
24/11/2006;29.2;17.5;21.3
25/11/2006;26;16;20.1
26/11/2006;27.8;18;21
27/11/2006;23;18;19.6
28/11/2006;22;16;19.4
29/11/2006;27.4;18.5;21.2
30/11/2006;25.8;17.5;20
01/12/2006;23.5;14;17.9
02/12/2006;27.4;14;20.3
03/12/2006;29;16.5;22.5
04/12/2006;28.6;19.5;22.9
05/12/2006;30.4;17.5;22.4
06/12/2006;23.3;19.2;20.7
07/12/2006;27;16;21.2
08/12/2006;23.6;15;19.1
09/12/2006;27.5;16;19.5
10/12/2006;25;15;19.2
11/12/2006;26.5;16;20.6
12/12/2006;25.4;16.5;19.7
13/12/2006;26.3;13.5;20.4
14/12/2006;29.5;19;22.2
15/12/2006;30.6;18.5;23.4
16/12/2006;32;16.8;24.4
17/12/2006;32;19;24.6
18/12/2006;30.6;19;23.7
19/12/2006;27.3;20;22.3
20/12/2006;27;19;21.8
21/12/2006;23.5;19.5;21.4
22/12/2006;26.6;18;20.5
23/12/2006;25.6;16.8;21.1
24/12/2006;24.1;18;20.3
25/12/2006;26.1;15;19.3
26/12/2006;25.2;16;19
27/12/2006;29;14;20.9
28/12/2006;29.8;19;23.6
29/12/2006;29.2;20.2;23.6
30/12/2006;28;20.2;22.6
31/12/2006;26.4;17;21.2
01/01/2007;26.8;16;21.3
02/01/2007;27;20;22.1
03/01/2007;26.8;19;21.6
04/01/2007;27.3;19.5;22.2
05/01/2007;27;19.5;21.8
06/01/2007;25.6;21;22.6
07/01/2007;24.4;19.4;21.1
08/01/2007;21.4;15.5;18.7
09/01/2007;28;16;20.9
10/01/2007;30.6;18;23.7
11/01/2007;27.8;20.2;22.2
12/01/2007;25.8;19;20.9
13/01/2007;27.4;17;20.1
14/01/2007;28;12;20.1
15/01/2007;28;17;22.1
16/01/2007;24.6;17;19.5
17/01/2007;25;16;21.2
18/01/2007;27.6;17.5;21.9
19/01/2007;30;17;21.9
20/01/2007;26;16.5;20.7
21/01/2007;27.5;15;20.7
22/01/2007;23.5;15;19.2
23/01/2007;27.8;16.5;21.1
24/01/2007;29.4;18.5;22.7
25/01/2007;29.6;18.5;22.9
26/01/2007;25.2;19.5;21.3
27/01/2007;28.6;19.8;23.9
28/01/2007;29;17.5;21.7
29/01/2007;22.6;17;19.7
30/01/2007;29.2;16;21.8
05/10/2007;26.4;12;19.4
06/10/2007;26;12;19.6
07/10/2007;23.4;16;19.5
08/10/2007;21.5;14.5;17
09/10/2007;24;17;20.5
10/10/2007;26;16;20.7
11/10/2007;21.5;16;18.8
12/10/2007;18.6;16.4;17.2
13/10/2007;19.6;15.4;17
14/10/2007;18;14;15
15/10/2007;15.4;10;12.7
16/10/2007;19.5;13;15.5
17/10/2007;24.5;10.2;16.5
18/10/2007;23.5;12;17.5
19/10/2007;25.4;13.4;18.5
20/10/2007;28.6;13.8;20.4
21/10/2007;17.6;13.8;15.6
22/10/2007;24.5;9.2;17
23/10/2007;17.8;13.2;15
24/10/2007;18;12.6;14.8
25/10/2007;21;12.4;16.9
26/10/2007;29;15.2;20.3
27/10/2007;29;13.8;21.1
28/10/2007;30;14.8;20.8
29/10/2007;29;16.8;19.8
30/10/2007;27.8;15.8;19.7
31/10/2007;30.5;16.2;22.7
01/11/2007;23;16.2;18.5
02/11/2007;18;14.8;16.4
03/11/2007;23.4;14.4;16.7
04/11/2007;22;8;14.9
05/11/2007;25.8;4.2;15.5
06/11/2007;26;10.8;17.9
07/11/2007;27.5;14.8;19.8
08/11/2007;29.5;16.8;21.4
09/11/2007;21.2;16.4;18.2
10/11/2007;27.2;13.4;18.6
11/11/2007;21.5;13.6;16.1
12/11/2007;24;5.6;15.2
13/11/2007;24.6;12.8;18.3
14/11/2007;14.8;12.4;13.6
15/11/2007;20.2;10;13.4
16/11/2007;18.5;9;13.8
17/11/2007;21;13;17.3
18/11/2007;22.5;15.2;17.9
19/11/2007;27.2;10.8;18.9
20/11/2007;28;12;19.4
21/11/2007;28.4;13;20.1
22/11/2007;26;10.6;17.7
23/11/2007;27.5;10.4;18.8
24/11/2007;28.8;12.6;19.6
25/11/2007;26.5;15.4;20.5
26/11/2007;26.2;17.2;19.9
27/11/2007;28;10.2;19.5
28/11/2007;28.3;11.4;19.8
29/11/2007;29;14.4;20.1
30/11/2007;29.8;12.4;20.6
01/12/2007;30.2;14.3;21.1
02/12/2007;31.4;15.8;23.2
03/12/2007;30;15.8;21.2
04/12/2007;29.4;16;21.4
05/12/2007;22.6;16.6;18.6
06/12/2007;24;16.6;19.4
07/12/2007;27.6;15.2;21.4
08/12/2007;28;13.6;21.2
09/12/2007;30;14.8;23
10/12/2007;29.4;17.6;23.1
11/12/2007;23.5;18;20.2
12/12/2007;27.8;17.4;20.8
13/12/2007;26.5;12.8;18.2
14/12/2007;27.4;10;18.7
15/12/2007;29.2;13.6;19.8
16/12/2007;29.8;12.8;20.9
17/12/2007;24.5;17.2;20
18/12/2007;24.4;15;18.3
19/12/2007;25;14.2;18.4
20/12/2007;25.2;9.2;16.9
21/12/2007;27.6;13.4;19.1
22/12/2007;29.2;12.6;20.8
23/12/2007;29.5;14.4;20.4
24/12/2007;28.2;14.5;19.9
25/12/2007;27.6;16.2;20.6
26/12/2007;27;16.2;20.7
27/12/2007;28.6;16.2;21.2
28/12/2007;25.5;17;20.9
29/12/2007;27;17.8;21.2
30/12/2007;28.2;17.8;21.1
31/12/2007;25.5;17;21.2
01/01/2008;27.4;16.8;20.4
02/01/2008;27;13.2;20
03/01/2008;27.2;15;21.5
04/01/2008;26;13;19.9
05/01/2008;28;15.2;21.2
06/01/2008;28.6;13.6;20.3
07/01/2008;26.6;16.6;20.7
08/01/2008;29;16.4;21.3
09/01/2008;29.6;14.2;21.6
10/01/2008;30;18.4;22.6
11/01/2008;28.4;15.8;21.3
12/01/2008;23.4;17;19.8
13/01/2008;22.5;15.4;18.9
14/01/2008;28;16.8;22
15/01/2008;28.5;13.4;20.7
16/01/2008;29.1;16.6;21
17/01/2008;26.4;16.2;20.4
18/01/2008;28.6;17.4;21.6
19/01/2008;22.5;17.8;19.9
20/01/2008;23.5;14.4;18.3
21/01/2008;21.6;14.4;17
22/01/2008;20.5;14;16.8
23/01/2008;22.4;13.6;17.1
24/01/2008;22.5;14.6;17.7
25/01/2008;22;16;18.2
26/01/2008;21;14.8;17.8
27/01/2008;21.5;15;17.6
28/01/2008;22;13.6;17.6
29/01/2008;23;15.8;18.8
30/01/2008;24;15.8;18.4
31/01/2008;23.6;13.4;17.6
01/02/2008;26.5;12.6;18.7
02/02/2008;27;13.2;20
16/10/2008;22.5;15.2;17.7
17/10/2008;17;11;13.7
18/10/2008;16;12.6;14
19/10/2008;20.5;12;15.8
20/10/2008;21.8;12.2;16.4
21/10/2008;22.5;15;18.5
22/10/2008;25.1;17.5;20
23/10/2008;27.5;15.4;19.8
24/10/2008;29;15.8;20.7
25/10/2008;21.2;17.2;19.1
26/10/2008;24.6;17.2;19.4
27/10/2008;25.2;14.4;19
28/10/2008;19.8;14.4;16.2
29/10/2008;16.5;14.5;15.2
30/10/2008;21.4;12;16.2
31/10/2008;26.5;8.4;17.5
01/11/2008;21.2;12.8;17
02/11/2008;20.8;14.8;17.3
03/11/2008;24.5;15.6;19
04/11/2008;27.4;15.5;20.5
05/11/2008;27;14.6;19.7
06/11/2008;24;16;18.4
07/11/2008;26.6;12.6;18.6
08/11/2008;25;16.2;20.2
09/11/2008;23;17.8;19.4
10/11/2008;26.1;14;19.1
11/11/2008;21.5;15.4;17.5
12/11/2008;16.5;12;13.9
13/11/2008;21.6;12.2;16.4
14/11/2008;24.5;13.6;18.5
15/11/2008;26.8;11.6;18.7
16/11/2008;22;13;17
17/11/2008;19.5;11.4;15.1
18/11/2008;22.7;13.4;16.8
19/11/2008;23.6;11.8;16
20/11/2008;21.6;11.6;15.4
21/11/2008;19.6;12.8;14.9
22/11/2008;24.6;13;17.6
23/11/2008;25;14.2;18
24/11/2008;26;14;18.9
25/11/2008;26;15.8;19.4
26/11/2008;26.2;15.6;19.3
27/11/2008;27;16;19.8
28/11/2008;25.5;15.6;20.1
29/11/2008;27;16;20.4
30/11/2008;27.5;15.8;20.1
01/12/2008;28.5;16.6;21.5
02/12/2008;22.8;14.4;17
03/12/2008;18;10.5;12.5
04/12/2008;21;4.4;13.4
05/12/2008;24;8.4;16.8
06/12/2008;27.2;14.2;19.3
07/12/2008;28.8;15.2;21
08/12/2008;31.4;17.2;22.8
09/12/2008;30.8;17;22.2
10/12/2008;23.4;16.6;19.4
11/12/2008;25;17.6;20.4
12/12/2008;23.5;15;18.1
13/12/2008;27;13.8;19.6
14/12/2008;26.6;13;18
15/12/2008;21.4;14.2;16.9
16/12/2008;22.8;15;17.2
17/12/2008;23;11.6;17.6
18/12/2008;26.5;14.8;19.9
19/12/2008;27.2;15.4;20.2
20/12/2008;28.2;15.4;20.7
21/12/2008;29.7;13.4;21.4
22/12/2008;30.5;16;22.7
23/12/2008;31.3;15.2;21.3
24/12/2008;26.5;16.5;19.7
25/12/2008;24.8;13.2;18.1
26/12/2008;26.5;10.8;18.1
27/12/2008;27.2;12.4;19.2
28/12/2008;29.2;15;21.8
29/12/2008;28.5;15.6;22.3
30/12/2008;26.5;17;20.2
31/12/2008;27;16.8;20.3
01/01/2009;25.5;16;20
02/01/2009;21.5;15;17.5
03/01/2009;19.5;12.4;15.8
04/01/2009;16.6;12;13.9
05/01/2009;22;6.8;14.6
06/01/2009;24;10.6;17.6
07/01/2009;27.2;11.6;19
08/01/2009;29;12.2;21.2
09/01/2009;28;15.6;20.1
10/01/2009;21;15.4;17.6
11/01/2009;25.6;16;19
12/01/2009;28.5;12.4;21
13/01/2009;23.5;15.8;18.9
14/01/2009;29.2;14.2;21.7
15/01/2009;27.2;15;20.5
16/01/2009;27.2;15.6;19.9
17/01/2009;21.6;15.6;18.3
18/01/2009;28.4;14;21.4
19/01/2009;23.5;17;19.6
20/01/2009;23.6;13;18.2
21/01/2009;24.5;15;19.1
22/01/2009;22.5;13;16.7
23/01/2009;22.5;12;17.1
24/01/2009;25.8;12.8;18.7
25/01/2009;26.2;17;20.9
26/01/2009;25.5;18.2;20.7
27/01/2009;25.5;18;21.2
28/01/2009;25.8;17.4;21
29/01/2009;26.8;18.8;21.7
30/01/2009;28;15.2;21.5
31/01/2009;26.2;15;20.7
01/02/2009;28.5;13;20.3
02/02/2009;27.8;13;19.1
03/02/2009;24.2;17.2;19.7
04/02/2009;25.6;17.4;20.8
08/10/2009;18;13;14.8
09/10/2009;22.5;11.6;15.1
10/10/2009;21.2;10;14.2
11/10/2009;24.2;11;18.2
12/10/2009;24.2;12;15.6
13/10/2009;23.3;6.6;14.6
14/10/2009;27.5;11.2;17.5
15/10/2009;23.4;14.2;18.7
16/10/2009;20.5;10.6;13.6
17/10/2009;16.2;9.8;13.3
18/10/2009;24;13;17.5
19/10/2009;19.5;15;16.4
20/10/2009;25.2;14.4;18.5
21/10/2009;27;12.6;18
22/10/2009;23.5;14.2;17.3
23/10/2009;28;11.8;20
24/10/2009;22.6;11.8;17.3
25/10/2009;19.6;13.4;17.3
26/10/2009;25;15.4;19.2
27/10/2009;19.6;13.4;15.3
28/10/2009;25.2;11.2;17.1
29/10/2009;28.5;13.2;18.5
30/10/2009;30.8;15;20.9
31/10/2009;30.5;14;20.8
01/11/2009;31.2;16;21.8
02/11/2009;32.2;13.6;22.4
03/11/2009;33.4;17;24.6
04/11/2009;32.6;17.6;25
05/11/2009;33.3;19.8;25.9
06/11/2009;26.3;17.8;21.8
07/11/2009;25;18;21.6
08/11/2009;23;16.8;18.7
09/11/2009;26;14.8;19.7
10/11/2009;23;15.8;18.5
11/11/2009;25.4;12.2;18.7
12/11/2009;26;14.8;20.6
13/11/2009;28.3;18.8;22.6
14/11/2009;24.5;19.2;20.7
15/11/2009;27;15;20.3
16/11/2009;26.5;15;19.8
17/11/2009;25.2;15;19.4
18/11/2009;28;17.8;20.8
19/11/2009;32;15.2;22.9
20/11/2009;31;16.4;21.6
21/11/2009;21;15.6;18.6
22/11/2009;21;16.4;17.5
23/11/2009;30;11.8;22
24/11/2009;29.8;19.6;22.6
25/11/2009;26.5;19;21.9
26/11/2009;29.5;17.8;22.1
27/11/2009;28;17;21.6
28/11/2009;28;19.6;22.5
29/11/2009;29.6;17.6;23.1
30/11/2009;24.5;20.4;21.9
01/12/2009;31.5;15.4;22.4
02/12/2009;28.2;18;20.8
03/12/2009;27;16.2;19.6
04/12/2009;26.5;12.6;19.2
05/12/2009;23;13.4;17.4
06/12/2009;28;16;21.1
07/12/2009;27;15.4;20.8
08/12/2009;25.5;17.2;20.4
09/12/2009;24.8;16.6;19.8
10/12/2009;24;17.2;20.1
11/12/2009;26;17.4;20.8
12/12/2009;23;14;17.1
13/12/2009;22;10.6;15.1
14/12/2009;26.2;8.6;19
15/12/2009;27.6;16.6;21.7
16/12/2009;27.5;17.2;21.3
17/12/2009;24.8;16.6;19.5
18/12/2009;25.4;16.2;20.4
19/12/2009;29.5;16;22
20/12/2009;29.5;17.2;23
21/12/2009;29.6;17.4;23
22/12/2009;28.5;18.4;22.8
23/12/2009;28.2;19.4;21.7
24/12/2009;24.8;18.2;21
25/12/2009;23;17.2;20.7
26/12/2009;29.2;19;23.5
27/12/2009;29;18.2;23.5
28/12/2009;31;18.6;24.2
29/12/2009;30.8;15.5;22.9
30/12/2009;27.8;17;22.6
31/12/2009;25.6;18.5;20.9
01/01/2010;26.2;14.8;20.4
02/01/2010;31.2;13.2;22.6
03/01/2010;26.8;19.6;22.5
04/01/2010;28.5;19.2;22.4
05/01/2010;29;18.6;22.5
04/10/2010;14.2;8.8;12
05/10/2010;23.5;9.9;15.6
06/10/2010;26;12;17.8
07/10/2010;18.5;12.4;14.9
08/10/2010;16.5;9;12.5
09/10/2010;20;8.8;14
10/10/2010;20.7;9.4;14.6
11/10/2010;22.5;7;13.8
12/10/2010;20.8;7;13.3
13/10/2010;21;5.4;13.3
14/10/2010;16.5;9.6;13.4
15/10/2010;17.4;13.8;15.2
16/10/2010;23.5;12;18.4
17/10/2010;23.8;14;17.3
18/10/2010;21;11;14.8
19/10/2010;24.2;4.4;14.6
20/10/2010;26.2;6.6;16.3
21/10/2010;29;11;19
22/10/2010;20.5;14.4;16.5
23/10/2010;19.2;13.6;16.2
24/10/2010;27;10.4;19.1
25/10/2010;22;15.2;18.3
26/10/2010;20;7.6;13.4
27/10/2010;23.2;3;13.4
28/10/2010;25.5;7.6;16
29/10/2010;27.8;8;17.4
30/10/2010;22.6;13.8;18
31/10/2010;22.5;13;15.9
01/11/2010;22.5;3.8;13.5
02/11/2010;22.6;4.2;13.8
03/11/2010;26;4.6;16.1
04/11/2010;28.5;12.8;19.8
05/11/2010;25.5;15.4;18.5
06/11/2010;21.6;12.4;15.8
07/11/2010;26.5;6.4;17.4
08/11/2010;28.5;15;21.5
09/11/2010;28.8;14;20.1
10/11/2010;10.4;17.5;12.3
11/11/2010;23;2.2;13.2
12/11/2010;23.5;10.4;16.2
13/11/2010;23;12.4;16.8
14/11/2010;24.2;12.4;16.6
15/11/2010;21;12.6;15.8
16/11/2010;23.6;12;16.8
17/11/2010;22.4;12.8;15.6
18/11/2010;22;7;14.2
19/11/2010;27.5;6.4;17.7
20/11/2010;25;14.2;19.3
21/11/2010;26.5;13.6;19.4
22/11/2010;26;15.3;20.1
23/11/2010;22;15.2;18.2
24/11/2010;23.8;15.4;17.8
25/11/2010;25;13.6;18.8
26/11/2010;27;13.6;20
27/11/2010;28.4;16.8;21.4
28/11/2010;29.4;16.8;21.2
29/11/2010;27.5;17;21.2
30/11/2010;25.8;17.6;20.2
01/12/2010;21;15;18.2
02/12/2010;23.6;13.2;16.6
03/12/2010;22;17.4;19.2
04/12/2010;20.6;15.2;18.4
05/12/2010;21.2;12;17.4
06/12/2010;21.5;14;17.8
07/12/2010;21.4;15.4;17.9
08/12/2010;27.4;14.4;21
09/12/2010;28.5;12.4;19.7
10/12/2010;26.2;16.4;19.5
11/12/2010;19.5;11.4;16.5
12/12/2010;22;15.6;18.3
13/12/2010;16;10;12
14/12/2010;19.6;8.4;14
15/12/2010;22.4;8.8;15.8
16/12/2010;18;11.4;15.6
17/12/2010;27.5;16;21
18/12/2010;29.5;16.4;22.7
19/12/2010;29.5;17.8;22.9
20/12/2010;28.8;19.2;22
21/12/2010;28;17.8;21.4
22/12/2010;25.3;16.6;19.5
23/12/2010;25.6;16;20.3
24/12/2010;26;18;20.9
25/12/2010;28;19.2;21.8
26/12/2010;27.8;16.7;21.5
27/12/2010;28.5;13;21
28/12/2010;27.7;16.3;21
29/12/2010;29.5;16.6;21.7
30/12/2010;27;16.4;20.6
31/12/2010;27.5;15;20.5
01/01/2011;26.4;15.8;20.3
02/01/2011;26.5;17;19.8
03/01/2011;25;16.9;19.9
04/01/2011;28;16.8;21.3
05/01/2011;27;17.6;21.2
06/01/2011;26.5;17;21
07/01/2011;29;15;21.3
08/01/2011;30.2;18;22.9
09/01/2011;29.5;17.6;23.1
10/01/2011;28.5;18;22.5
11/01/2011;25.6;15.6;19.5
12/01/2011;27;17.8;20.4
13/01/2011;29;13.4;20.7
14/01/2011;27.8;13.4;21
15/01/2011;29.2;16;21.2
16/01/2011;27.6;17;21.5
17/01/2011;27.6;17.6;21.5
18/01/2011;27.5;17;20.8
19/01/2011;28.2;17.6;21.4
20/01/2011;26.5;16;20.6
21/01/2011;26.5;17.8;21.5
22/01/2011;26.6;18.6;21.8
23/01/2011;26;18.4;21.4
24/01/2011;26.5;16.8;20.3
25/01/2011;27;17.4;20.6
26/01/2011;28.6;16.4;21.6
27/01/2011;30;17.4;22.5
28/01/2011;27.4;18.4;22.7
29/01/2011;29;18.5;22.2
30/01/2011;28.6;18;21.9
31/01/2011;27.4;18.2;21.2
01/02/2011;26.5;17.4;21.8
02/02/2011;24;18.6;20.7
03/02/2011;26.6;18.2;21.3
10/10/2011;25;16;19
11/10/2011;27.4;11;18.6
12/10/2011;18.4;14;16.2
13/10/2011;17.6;13;15.6
14/10/2011;25.5;14;18.2
15/10/2011;18.7;13;16.6
16/10/2011;21.8;14;16.8
17/10/2011;24;11.5;15.9
18/10/2011;22.2;11.5;16
19/10/2011;22.8;12;15.8
20/10/2011;23;12;16
21/10/2011;22.5;12;15.8
22/10/2011;25;11.4;17.6
23/10/2011;26.4;14;18.7
24/10/2011;28;14.5;21.1
25/10/2011;22.5;15;18.6
26/10/2011;22.2;14;16.6
27/10/2011;24.6;6.5;15.2
28/10/2011;25.4;6;15.9
29/10/2011;15.2;12;14.3
30/10/2011;20;13;14.7
31/10/2011;20.6;5;12.6
01/11/2011;20.7;9;13.7
02/11/2011;20;6;13
03/11/2011;21;4.5;13.3
04/11/2011;24.6;8.5;15.2
05/11/2011;28.4;12.5;19.1
06/11/2011;25;14.5;18.1
07/11/2011;28.2;10.5;19.5
08/11/2011;28.7;11.5;20.2
09/11/2011;29.6;15;21.2
10/11/2011;28;14.5;20.1
11/11/2011;25.2;13;19
12/11/2011;21.5;16.6;18.3
13/11/2011;17.6;14.4;15.6
14/11/2011;17.5;13.5;14.7
15/11/2011;14.4;11.5;13.2
16/11/2011;21.4;10.5;15.7
17/11/2011;23.3;8;15
18/11/2011;24;11;17
19/11/2011;25.2;12;17
20/11/2011;21.5;9;15.7
21/11/2011;17.6;9;15.5
22/11/2011;23;10;16.4
23/11/2011;28;13.3;18.8
24/11/2011;27;12;19.3
25/11/2011;28.7;13.5;19.6
26/11/2011;28;12.8;19.6
27/11/2011;27;12;19.8
28/11/2011;26;13.5;20.1
29/11/2011;28.2;13.5;20.7
30/11/2011;26.4;16.8;19.4
01/12/2011;22.6;13;15.6
02/12/2011;24.5;6;16.3
03/12/2011;26;13;18.6
04/12/2011;24.7;17.5;19.1
05/12/2011;26.2;14.5;19.6
06/12/2011;25;16;19.9
07/12/2011;23.8;17.5;20.1
08/12/2011;25.4;16;20.7
09/12/2011;21.5;16;17.7
10/12/2011;27.3;12;19.4
11/12/2011;26.5;17;20.7
12/12/2011;29;16;21.6
13/12/2011;23.5;12;17.8
14/12/2011;23;14.5;17.3
15/12/2011;23.2;8.5;16.8
16/12/2011;23;8;17.3
17/12/2011;24.5;10;18.4
18/12/2011;26;9;18.2
19/12/2011;27.2;10;19.3
20/12/2011;30.3;10.5;20.8
21/12/2011;30.6;12.5;21.4
22/12/2011;30.8;12;20.4
23/12/2011;30;13.5;21.4
24/12/2011;24.3;15;21.1
25/12/2011;19.9;16;20.1
26/12/2011;21;14;17.4
27/12/2011;24;14;17.4
28/12/2011;21.2;16.4;19.3
29/12/2011;21.2;12;18.3
30/12/2011;25;14.4;16.4
31/12/2011;22;16;18.6
01/01/2012;22;14.6;17.4
02/01/2012;24.5;13;18.7
03/01/2012;22.5;13;17.9
04/01/2012;28;10;20.1
05/01/2012;26.5;15;19.7
06/01/2012;28;14;19.4
07/01/2012;29;13;20.1
08/01/2012;28;17;21.2
09/01/2012;27;12;20
10/01/2012;26.5;14;19.9
11/01/2012;27.5;17;20.7
12/01/2012;25.6;18;21
13/01/2012;20.5;17;19
14/01/2012;24;16;19.8
15/01/2012;25.5;15;19.5
16/01/2012;29;15;20.9
17/01/2012;25.5;16;19.8
18/01/2012;26;16;19.8
19/01/2012;28;16.2;21.3
20/01/2012;30;16;23.3
21/01/2012;26.2;14.8;20.5
22/01/2012;26.6;15;21
23/01/2012;26.8;12.6;20.3
24/01/2012;28.5;17;22
25/01/2012;24.4;16;19.9
26/01/2012;24.2;16;19.6
27/01/2012;24.4;12;17.5
28/01/2012;26;13;17.8
03/10/2012;19.4;15.4;16.8
04/10/2012;21;15.5;17.7
05/10/2012;25.4;15.5;19.5
06/10/2012;28.6;20;22.1
07/10/2012;30.6;20;23.2
08/10/2012;27.6;16;19.9
09/10/2012;29.4;16;22
10/10/2012;19.8;17;18
11/10/2012;15.2;12.8;13.4
12/10/2012;16.8;13.2;14.2
13/10/2012;19.4;12.2;13.8
14/10/2012;17.6;12.5;13.8
15/10/2012;23;11.5;16.4
16/10/2012;21.4;15;17.5
17/10/2012;24.6;15;17.8
18/10/2012;25.4;6.5;15.3
19/10/2012;25.2;10;17.7
20/10/2012;24.8;15;19.4
21/10/2012;23.4;16;19.1
22/10/2012;28.2;14.8;19.7
23/10/2012;23.8;14;16.4
24/10/2012;23.4;9;15.6
25/10/2012;21.8;15;17.8
26/10/2012;19.2;16.5;17.1
27/10/2012;27.4;16.5;20.8
28/10/2012;18;16.5;17.1
29/10/2012;31.2;15;22.8
30/10/2012;30;16.5;21.1
31/10/2012;25.4;14;18.5
01/11/2012;25.4;13;19.1
02/11/2012;26.2;17;19.3
03/11/2012;25;16;18.7
04/11/2012;27.4;17;20
05/11/2012;26;13.8;19
06/11/2012;27;15.5;19.9
07/11/2012;27.6;16.5;20
08/11/2012;25.4;15.5;19.1
09/11/2012;23.6;17.5;20.1
10/11/2012;29;19;22.5
11/11/2012;32;19.5;24.8
12/11/2012;29.6;18.5;22.8
13/11/2012;20.4;12.5;15.3
14/11/2012;21.2;10;15
15/11/2012;21.8;14.9;16.7
16/11/2012;24.8;14;17.5
17/11/2012;26;14;18.3
18/11/2012;26.6;13.5;18.9
19/11/2012;25.6;14;18.8
20/11/2012;29.8;12.5;20.5
21/11/2012;30.2;16;22.6
22/11/2012;31.6;16.5;23.1
23/11/2012;27.2;19;21.5
24/11/2012;28.6;19;21.7
25/11/2012;24.2;15.5;17.7
26/11/2012;29;11.5;19.2
27/11/2012;27.6;15.5;20.7
28/11/2012;30.2;14;21.2
29/11/2012;29;14;21.6
30/11/2012;25.2;17;20.2
01/12/2012;29.6;17;20.5
02/12/2012;23.6;17;19.7
03/12/2012;31.2;17;22.6
04/12/2012;31.4;20.5;23.7
05/12/2012;31;17.5;21.6
06/12/2012;29.6;17;22.2
07/12/2012;29.2;18;23.4
08/12/2012;27.2;18;22.1
09/12/2012;30.4;20;23.3
10/12/2012;31.6;19.5;24.4
11/12/2012;23;18.2;19.6
12/12/2012;27.2;16.5;21
13/12/2012;20.8;18;18.8
14/12/2012;21.4;18;18.8
15/12/2012;23.8;19;20.5
16/12/2012;28.5;19.5;23.8
17/12/2012;29.8;19;23
18/12/2012;29.2;15.5;21.1
19/12/2012;27.6;18.5;22.1
20/12/2012;30.6;20.5;24.5
21/12/2012;31;19.2;22.5
22/12/2012;22;17;19
23/12/2012;27.8;17.6;21.8
24/12/2012;32.4;21;24.9
25/12/2012;33.4;19.5;26.8
26/12/2012;32.2;20.5;24.3
27/12/2012;26.4;18.2;20.9
28/12/2012;25.6;17.6;21
29/12/2012;23.4;18;20.2
30/12/2012;26.6;17.6;20.5
31/12/2012;27.6;18.5;21.8
01/01/2013;19.5;16;17.5
02/01/2013;24.4;14.6;18.4
03/01/2013;23;16;17.8
04/01/2013;23;15.5;18.9
05/01/2013;27.4;18;22
06/01/2013;25.2;17.4;19.7
07/01/2013;27.4;17;21.6
08/01/2013;25.2;18;21
09/01/2013;27.2;20;21.5
10/01/2013;27.4;18;20.9
11/01/2013;25;17;19.1
12/01/2013;25.6;17;19.9
13/01/2013;26.8;15;20
14/01/2013;28;19;21.6
15/01/2013;26.2;16;19.1
16/01/2013;27.2;16;19.4
17/01/2013;28.4;15;20.2
18/01/2013;24.6;17;19.5
19/01/2013;26;15;19.8
20/01/2013;24.8;16.6;18.7
21/01/2013;23.2;15;18
22/01/2013;24.6;13.6;18.4
23/01/2013;26.2;17;20.6
24/01/2013;30;19;22.4
25/01/2013;22.4;19;20.5
26/01/2013;27;19;21.1
27/01/2013;27.6;16;20.5
28/01/2013;29;20;22.6
29/01/2013;28.8;19.5;22.1
30/01/2013;30.4;15;22.2
31/01/2013;30.6;17.5;22.9
01/02/2013;32.8;19;25.1
02/02/2013;29.6;18.8;22.1
03/02/2013;25.8;15.2;19.2
04/02/2013;25.4;15.5;19.4
12/10/2013;24.6;15.5;18.5
13/10/2013;26.2;15;19.6
14/10/2013;27.2;15;20.3
15/10/2013;25.8;13.5;19.6
16/10/2013;17.2;15;15.8
17/10/2013;23.4;14;17.1
18/10/2013;22.8;13;16.5
19/10/2013;24.2;8;15.4
20/10/2013;28.6;8.5;18.3
21/10/2013;22.8;12.5;17.3
22/10/2013;19.8;15;17
23/10/2013;28.6;15.5;21.2
24/10/2013;17.6;15.8;16.6
25/10/2013;19.8;15;16.7
26/10/2013;24;14;19
27/10/2013;22.6;14.9;16.9
28/10/2013;23.4;6.6;14.7
29/10/2013;26.2;8;16.6
30/10/2013;27.2;13;18.9
31/10/2013;26;14;18.1
01/11/2013;23.8;15;18
02/11/2013;23.2;13;17.8
03/11/2013;22.4;16.6;19.2
04/11/2013;24;14.8;17.9
05/11/2013;25;11;17
06/11/2013;17.4;12;14.1
07/11/2013;20.2;11.8;16
08/11/2013;24;14.2;17.4
09/11/2013;29;14;20.7
10/11/2013;30.8;16;23.9
11/11/2013;29.2;14.5;21.9
12/11/2013;22.4;14.8;16.7
13/11/2013;26.6;8.8;17.2
14/11/2013;27.4;12;19.2
15/11/2013;30.8;11.2;21.9
16/11/2013;21;16;18
17/11/2013;19;11;15.8
18/11/2013;25.8;14.8;18.9
19/11/2013;27.6;17.5;21.8
20/11/2013;21.6;17;19.4
21/11/2013;20;16.5;17.9
22/11/2013;24.4;15;17.8
23/11/2013;20.8;8;15.1
24/11/2013;20.6;14.2;17.5
25/11/2013;24.8;16;19.6
26/11/2013;26.2;16;20.1
27/11/2013;28.2;16.5;21.6
28/11/2013;28.8;16.5;20.9
29/11/2013;25.2;16.5;20.5
30/11/2013;24;17;18.9
01/12/2013;21.2;12.6;17.4
02/12/2013;27;16.5;21.1
03/12/2013;26.8;13.5;19.3
04/12/2013;31.4;12.5;22.5
05/12/2013;25.2;14.8;18.9
06/12/2013;26;11.5;18.3
07/12/2013;23.2;16.5;19.3
08/12/2013;27.2;15;20.7
09/12/2013;29.4;14;20.7
10/12/2013;26.6;16;20.6
11/12/2013;23.8;15.5;18.9
12/12/2013;23.6;15;17.8
13/12/2013;25.6;14;19
14/12/2013;25;16;19.8
15/12/2013;28;13;19.8
16/12/2013;27.6;15;19.8
17/12/2013;26.4;16.5;19.5
18/12/2013;27.8;13.5;20.2
19/12/2013;26.6;15.5;20.8
20/12/2013;27.2;18;20.7
21/12/2013;27.4;13;20.2
22/12/2013;27.2;12.4;19.9
23/12/2013;27.4;13.5;20.5
24/12/2013;29.2;14;21.8
25/12/2013;32.5;17;23.8
26/12/2013;33.4;16.8;24.5
27/12/2013;31.2;18;23
28/12/2013;27.6;18.8;21.2
29/12/2013;27.6;16;21.3
30/12/2013;27.8;19.2;23.2
31/12/2013;28;19.2;23.1
01/01/2014;24.2;19.2;21.1
02/01/2014;27;18.2;22.8
03/01/2014;27;19;21.9
04/01/2014;18.8;15.2;16.8
05/01/2014;25;15;19.5
06/01/2014;26.4;16;20.2
07/01/2014;29.8;16;20.6
08/01/2014;28.6;16.2;21
09/01/2014;27.6;16;20.4
10/01/2014;29.6;15.2;21.8
11/01/2014;30.2;15.8;20.9
12/01/2014;24.8;16.4;19.6
13/01/2014;24.6;17;19.2
14/01/2014;24.4;14.8;19.3
15/01/2014;25;15;19.7
16/01/2014;26;14.4;20.3
17/01/2014;28;16;21.1
18/01/2014;29.4;17;21.3
19/01/2014;29.8;14;21.3
20/01/2014;31;13.8;22.2
21/01/2014;31;16;21.9
22/01/2014;31.8;16.5;22.8
23/01/2014;30.8;18;23.2
24/01/2014;29.4;19;23.2
25/01/2014;27.2;18;21
26/01/2014;27.4;17;21.6
27/01/2014;31.2;18;23.3
12/10/2014;31.8;16;22.2
13/10/2014;31.4;15;21.6
14/10/2014;29;16.5;21.4
15/10/2014;24.6;16.5;20.1
16/10/2014;30.6;16.5;20.4
17/10/2014;27.4;16;19.1
18/10/2014;22.2;14;18
19/10/2014;19.6;14.8;16.7
20/10/2014;21.6;12.5;16.3
21/10/2014;20.8;11;14.8
22/10/2014;22.8;12;15.8
23/10/2014;25.6;12;17.5
24/10/2014;25.8;12.5;19.5
25/10/2014;23.2;15.6;19.2
26/10/2014;28.5;14.5;21.2
27/10/2014;28;15.2;20.8
28/10/2014;29.2;16;21
29/10/2014;30.4;13.5;22.5
30/10/2014;27.4;13.6;20.2
31/10/2014;29.4;13.6;21.5
01/11/2014;27;15.4;20.5
02/11/2014;21.6;17;19.6
03/11/2014;26.6;17;21
04/11/2014;21.8;17.5;19.1
05/11/2014;26.5;16.8;19.4
06/11/2014;24.2;14.2;18.3
07/11/2014;16.3;15;15.7
08/11/2014;25.4;12.2;17.6
09/11/2014;27;11;18.6
10/11/2014;27.6;11;18.4
11/11/2014;25.8;13;19.2
12/11/2014;25.4;15.5;20.1
13/11/2014;23.5;16;18.4
14/11/2014;20.8;11.4;14
15/11/2014;24;10.2;15.8
16/11/2014;25.4;10.6;16.3
17/11/2014;26.2;8.6;17.5
18/11/2014;25.4;8;16.8
19/11/2014;24.2;14;17.9
20/11/2014;26;15.5;20.5
21/11/2014;26.6;17;20.5
22/11/2014;23;15;19.2
23/11/2014;29;12.8;19.5
24/11/2014;24.6;16.5;20.1
25/11/2014;19;17.2;18.4
26/11/2014;26.6;14.8;20.3
27/11/2014;24;16;19.9
28/11/2014;24.6;16.2;19.6
29/11/2014;26.8;16.4;20.6
30/11/2014;24.6;16;19.9
01/12/2014;26.6;17.8;21.2
02/12/2014;30.4;18;23.6
03/12/2014;21.4;17.8;19.2
04/12/2014;26.2;11;18.6
05/12/2014;24.6;10.5;17.1
06/12/2014;26.2;10.2;17.6
07/12/2014;29.6;15;21
08/12/2014;30.4;18;23.4
09/12/2014;23.6;16.6;20.4
10/12/2014;24.4;17.6;21.2
11/12/2014;25.2;16.8;21.1
12/12/2014;25.8;19.5;21.2
13/12/2014;27;15;21
14/12/2014;26.6;15;19.7
15/12/2014;23.8;14;18.8
16/12/2014;23.8;15.5;18.8
17/12/2014;26.8;14.5;20.1
18/12/2014;27.4;16.8;21.8
19/12/2014;26.6;17.5;21
20/12/2014;24;17.4;22
21/12/2014;26;19.2;21.4
22/12/2014;21.6;17.5;19.3
23/12/2014;18.8;14.5;16
24/12/2014;19.4;10.8;15.4
25/12/2014;23.2;14.3;19.1
26/12/2014;23.4;17.5;19.7
27/12/2014;24.2;16;20.4
28/12/2014;24.8;16;21
29/12/2014;27;17;21.3
30/12/2014;24.2;15;20.2
31/12/2014;20;17;19.2
01/01/2015;22.6;16;20.6
02/01/2015;21.8;16.4;19.9
03/01/2015;24.6;14.6;20
04/01/2015;27.4;16.8;22.2
05/01/2015;26;16;20.9
06/01/2015;28.8;16.2;22.8
07/01/2015;27.6;18.6;22.5
08/01/2015;29.6;18.8;22
09/01/2015;28.5;17.5;23.4
10/01/2015;26.2;17.4;21.6
11/01/2015;26.4;16;21.3
12/01/2015;31.4;16.2;23.8
13/01/2015;31.7;18.2;22.7
14/01/2015;29.6;17;21.6
15/01/2015;29.5;16.8;20.9
16/01/2015;30.6;16.8;21.2
17/01/2015;28.6;17.2;21.6
18/01/2015;30;16.6;21.5
19/01/2015;29.6;16.8;22
20/01/2015;29;17;21.3
21/01/2015;26;17.5;20
22/01/2015;24.5;16.5;19.5
23/01/2015;26.2;16;19.8
24/01/2015;28.7;15.5;21
25/01/2015;26.6;17.5;20.7
26/01/2015;29.6;15;22.2
27/01/2015;25.6;16.8;20.7
28/01/2015;26.4;17.2;21.5
29/01/2015;27.2;18.4;21
30/01/2015;20;14.2;17.3
15/10/2015;30.6;17.6;23.1
16/10/2015;21.8;17;18.8
17/10/2015;20;13.2;15.8
18/10/2015;17.8;11.4;13.7
19/10/2015;27.2;12;17.9
20/10/2015;30;15.2;22.2
21/10/2015;21.4;17.5;19.5
22/10/2015;19.4;16;16.9
23/10/2015;23.4;12.3;18
24/10/2015;24.2;15;18.1
25/10/2015;17.2;12;14.8
26/10/2015;19.8;13;16.8
27/10/2015;22.4;16.2;19.4
28/10/2015;25.4;16.8;19.8
29/10/2015;25.4;16;19.5
30/10/2015;26;15;19.3
31/10/2015;25.6;15.4;19.6
01/11/2015;20;16.2;17.6
02/11/2015;17;13;15.2
03/11/2015;21.2;14;18.1
04/11/2015;19;16.2;17.2
05/11/2015;21.8;15;18.3
06/11/2015;22;14;17.3
07/11/2015;23.2;12.5;16.7
08/11/2015;15.8;13;14.5
09/11/2015;27.2;14;20
10/11/2015;21.8;17.2;19
11/11/2015;23.4;15;19.2
12/11/2015;29;14.5;21.3
13/11/2015;21.4;18;19.6
14/11/2015;26;16.6;20.7
15/11/2015;29.6;11.8;20.6
16/11/2015;26.8;16.5;19.9
17/11/2015;20.8;16.5;18.5
18/11/2015;26;14.2;19.8
19/11/2015;28.2;16.8;20.7
20/11/2015;21.6;15.4;16.9
21/11/2015;25.2;10;18
22/11/2015;25.5;14.8;18.7
23/11/2015;23.6;16;19.3
24/11/2015;21.6;15;18.3
25/11/2015;22.2;16.8;19.4
26/11/2015;23.2;17.8;20.2
27/11/2015;21.5;17.5;18.6
28/11/2015;21.2;15.4;18.4
29/11/2015;23.8;16;19.8
30/11/2015;17.7;13.2;14.9
01/12/2015;21.6;13.2;17.4
02/12/2015;22.2;16.4;18.3
03/12/2015;24;14.8;19.3
04/12/2015;19.4;16.6;17.7
05/12/2015;25;12.2;20.6
06/12/2015;25.2;15.2;19.2
07/12/2015;25.8;13.5;19.4
08/12/2015;26;16.5;20.5
09/12/2015;28.8;17.6;22.3
10/12/2015;23;17.9;19.7
11/12/2015;28.6;14.5;21.2
12/12/2015;28.2;18;22.2
13/12/2015;28.2;16.8;21.3
14/12/2015;28.5;16.5;22.8
15/12/2015;24.5;17.5;20.8
16/12/2015;27.4;15.8;20.7
17/12/2015;28;18;22
18/12/2015;29.6;18.2;24.1
19/12/2015;20;17;18.8
20/12/2015;23.2;17;19.2
21/12/2015;25.4;16.2;20.8
22/12/2015;29.8;18.4;23.4
23/12/2015;29;19.6;22.7
24/12/2015;27.6;19;22.2
25/12/2015;28.4;18;22.6
26/12/2015;29.2;14;22.7
27/12/2015;25.6;18.4;21.6
28/12/2015;28.8;17;21.9
29/12/2015;28;19;22.5
30/12/2015;25;13.6;21.1
31/12/2015;28.5;19.8;23.5
01/01/2016;26.6;18.5;22.1
02/01/2016;23.6;17.6;19.9
03/01/2016;22.7;16.9;19
04/01/2016;23.6;16.2;19.8
05/01/2016;26;17.2;21.2
06/01/2016;25.2;17.5;21.4
07/01/2016;30.2;18.2;23.9
08/01/2016;29.2;19.6;23.5
09/01/2016;27.4;14.2;21.8
10/01/2016;23.8;17.4;20.3
11/01/2016;27.4;19;22.9
12/01/2016;32;18.2;24.1
13/01/2016;31.6;20;23.8
14/01/2016;24.2;18.3;20.8
15/01/2016;29;16.6;22
16/01/2016;29.8;17.8;22.4
17/01/2016;29.2;18.5;22.1
18/01/2016;29.4;14.6;21
19/01/2016;30.4;14;20.7
20/01/2016;30.2;12.2;20.2
21/01/2016;27.4;13;20
22/01/2016;25;12.2;18.8
23/01/2016;29.4;12;20.3
24/01/2016;30.4;14;21.4
25/01/2016;30.5;15;21.3
26/01/2016;28.5;15;21.3
27/01/2016;23.6;16.5;19
28/01/2016;24.5;16.5;20.8
29/01/2016;29.2;20.2;23.4
30/01/2016;29.4;15.2;22.2
31/01/2016;24;19;20.4
01/02/2016;23;17;19.6
02/02/2016;25.2;17.6;21.3
09/10/2016;23.5;2.5;12.5
10/10/2016;23.4;6.8;15.2
11/10/2016;18.6;11.2;13.8
12/10/2016;18.6;11;14.9
13/10/2016;22.4;13.2;17
14/10/2016;26;11;18.2
15/10/2016;22;16.5;19.1
16/10/2016;31.2;16.4;23.4
17/10/2016;30.6;16.6;21.2
18/10/2016;27.8;16.8;20.2
19/10/2016;30.5;17.2;21.9
20/10/2016;25;17;20.2
21/10/2016;22.6;15;17.2
22/10/2016;21;13;15.9
23/10/2016;28;13.6;19
24/10/2016;29.4;15;21.4
25/10/2016;22.6;16.5;19.2
26/10/2016;22.5;17;18.9
27/10/2016;19.4;11;14
28/10/2016;15.6;4.8;9.3
29/10/2016;22;2;12.9
30/10/2016;22;9.9;14.9
31/10/2016;26.5;13;18.8
01/11/2016;28.6;17;22.5
02/11/2016;20.2;14;15.5
03/11/2016;24.4;7;14.3
04/11/2016;26.5;6;17
05/11/2016;27;14.4;18.9
06/11/2016;26;13.4;18.7
07/11/2016;27.8;15.2;18.4
08/11/2016;27;13;19.6
09/11/2016;23;16.2;19.3
10/11/2016;26.5;16.5;19.8
11/11/2016;24.2;13;18.8
12/11/2016;19.4;14;15.6
13/11/2016;19.6;11.6;15.7
14/11/2016;28;12.6;19
15/11/2016;26;15.9;19.5
16/11/2016;21;14.2;17.5
17/11/2016;24.6;12;16.3
18/11/2016;18.4;8;11.6
19/11/2016;23;3.4;14.3
20/11/2016;25.6;9.6;16.9
21/11/2016;26.8;13;18.8
22/11/2016;26;12.2;18.3
23/11/2016;26.6;15.2;19.2
24/11/2016;28;13;19.9
25/11/2016;22;16;18.6
26/11/2016;28.8;15;20.8
27/11/2016;26.6;19;21.6
28/11/2016;26.6;18.2;21.4
29/11/2016;23.4;16.2;18.3
30/11/2016;21.2;11.2;15.8
01/12/2016;20.5;10.8;16.1
02/12/2016;24.5;15.2;18.6
03/12/2016;19.4;16.4;18
04/12/2016;20.5;15;16.5
05/12/2016;24;7;15.7
06/12/2016;29.4;10;19.6
07/12/2016;28.5;16.2;21.1
08/12/2016;24.2;16;19.7
09/12/2016;20.8;16;18.1
10/12/2016;23.6;16.5;19.7
11/12/2016;26.2;17.5;20.6
12/12/2016;24.5;17.8;19.7
13/12/2016;28.6;17;20.4
14/12/2016;24.6;14.5;17.6
15/12/2016;21.2;7.9;14.3
16/12/2016;20.2;10;15.8
17/12/2016;21.2;13.4;16
18/12/2016;22.6;16.4;18.5
19/12/2016;25.6;16.6;20.5
20/12/2016;21.2;18;18.9
21/12/2016;22.6;15.5;19.2
22/12/2016;24.2;16;20
23/12/2016;26.7;16;21.6
24/12/2016;27.4;16.5;21.4
25/12/2016;30.2;16.5;22.7
26/12/2016;31.5;18.4;24.3
27/12/2016;30.6;16.8;23.8
28/12/2016;29.7;16.5;22.8
29/12/2016;26.8;19;21.6
30/12/2016;25.5;19;21.3
31/12/2016;26;17;20.7
01/01/2017;27.5;18.6;22.5
02/01/2017;29.4;17.2;22
03/01/2017;28.6;18.6;23.1
04/01/2017;29.4;18.2;22.7
05/01/2017;28.4;18;22
06/01/2017;25.4;18.7;20.7
07/01/2017;26;18.4;21.9
08/01/2017;28.5;19;22.7
09/01/2017;29.5;18.8;21.9
10/01/2017;24;18.2;20.4
11/01/2017;28.2;16.2;22.2
12/01/2017;28;18;21.4
13/01/2017;29.6;15;21
14/01/2017;29.4;13.6;21.7
15/01/2017;30.4;16.6;23
16/01/2017;30;18.2;23
17/01/2017;29;18.6;22.6
18/01/2017;29;15.6;22.4
19/01/2017;27.2;19.2;21.9
20/01/2017;28.6;15;21
21/01/2017;27.2;15.4;20.3
22/01/2017;27;14.2;20
23/01/2017;27.2;16.5;20.5
24/01/2017;27.4;16.3;21.8
25/01/2017;24;18.2;20.2
26/01/2017;23.4;13.2;17.7
25/09/2017;24.5;15.3;18.5
26/09/2017;26.2;13.7;18.8
27/09/2017;28;11.9;17.8
28/09/2017;17.2;11.7;14.4
29/09/2017;15.2;13;13.6
30/09/2017;20.6;13;16
01/10/2017;26;11.5;18.1
02/10/2017;19.4;8.6;13.4
03/10/2017;19;3.8;11.3
04/10/2017;23.4;3;13.5
05/10/2017;26.4;10;18
06/10/2017;26.9;15.2;18.6
07/10/2017;19.6;14.7;16.7
08/10/2017;22.1;12.5;16.5
09/10/2017;21.5;14.5;17.3
10/10/2017;19.1;13.6;15.7
11/10/2017;28.2;14;18.7
12/10/2017;24.2;15.8;18.8
13/10/2017;26.8;16.6;19.4
14/10/2017;18.9;15.1;16.8
15/10/2017;19;13.4;15.5
16/10/2017;23;12.4;16.9
17/10/2017;25.3;13.6;18.1
18/10/2017;31.5;16.6;21.4
19/10/2017;22.3;14.5;17.6
20/10/2017;18.2;13.9;15.9
21/10/2017;16.9;14.4;15.9
22/10/2017;16.9;9.9;14.5
23/10/2017;23.8;3.2;13.4
24/10/2017;24.9;12;16.7
25/10/2017;16.4;12.7;14.1
26/10/2017;21.9;11.9;16.5
27/10/2017;22.8;14.3;17
28/10/2017;24.6;11.3;17.9
29/10/2017;28.4;8;17.2
30/10/2017;22.1;13.7;17.8
31/10/2017;24;11.1;18.1
01/11/2017;26.4;7.1;16.1
02/11/2017;24.6;12.2;17.5
03/11/2017;19;13.5;15.8
04/11/2017;20.9;12.9;15.8
05/11/2017;23.5;14;17.2
06/11/2017;21.2;12.9;16.1
07/11/2017;23.4;13.4;17.1
08/11/2017;22.6;13.3;17.3
09/11/2017;25.6;15.6;19.1
10/11/2017;20.8;14.1;17.1
11/11/2017;22.6;10.6;15.9
12/11/2017;23.8;7.5;15.5
13/11/2017;26.7;5.1;16.1
14/11/2017;27;8.3;18
15/11/2017;30.1;9.8;20.5
16/11/2017;31.2;12.3;20.9
17/11/2017;27;15.6;20.1
18/11/2017;22.5;16;18.6
19/11/2017;24.5;12.2;17.8
20/11/2017;24.7;9.4;16.9
21/11/2017;20.2;15.7;17.5
22/11/2017;21;10.6;16.1
23/11/2017;25.7;8.7;16.9
24/11/2017;29.2;14.9;21.2
25/11/2017;22.6;13.5;18.1
26/11/2017;23.4;13.7;18.8
27/11/2017;27.6;10;18.7
28/11/2017;27.3;16.3;20.4
29/11/2017;26.7;14.5;19.7
30/11/2017;24.9;15.5;18.3
01/12/2017;23.4;15.3;17.6
02/12/2017;26.5;15.1;18.8
03/12/2017;26.9;15.8;19.1
04/12/2017;27.9;16.4;21.5
05/12/2017;25.5;18.4;20.7
06/12/2017;25.4;16.7;21.2
07/12/2017;27.5;17.7;22.3
08/12/2017;28.3;13.9;19.9
09/12/2017;28.9;14;21.2
10/12/2017;29.2;13.5;21.3
11/12/2017;28;11.8;20.2
12/12/2017;24.9;13.9;18.8
13/12/2017;28.1;13.3;20.2
14/12/2017;29.5;17.6;23.1
15/12/2017;32.1;15.6;23
16/12/2017;29.6;14.8;21.1
17/12/2017;31;16.4;21.8
18/12/2017;29;14.8;21.8
19/12/2017;25.8;17.7;21.1
20/12/2017;23.9;17.3;20.1
21/12/2017;25;16.7;20.4
22/12/2017;29.4;17.7;22.9
23/12/2017;25.9;19.8;21.1
24/12/2017;23;17.3;19.8
25/12/2017;21.1;16.5;18.4
26/12/2017;25.5;16.4;20.5
27/12/2017;28.3;18.3;21.7
28/12/2017;28.5;16.5;22.1
29/12/2017;20.4;16.7;18.3
30/12/2017;24.5;16.6;18.8
31/12/2017;26;17.2;21
01/01/2018;28.7;17.6;22.2
02/01/2018;23.9;16.9;19.7
03/01/2018;25.7;13.2;18.8
04/01/2018;27.6;10.8;21.6
05/01/2018;30.1;15;22.5
06/01/2018;28.6;16.7;21.7
07/01/2018;25.1;17;20.2
08/01/2018;27.8;14.8;19.8
09/01/2018;26.2;12;18.3
10/01/2018;22.9;16.7;19.2
11/01/2018;24.9;16.5;19.8
12/01/2018;27.3;15.3;20.2
13/01/2018;25.9;15.4;19.2
14/01/2018;26.8;16.5;20.5
15/01/2018;24.5;19;21.2
16/01/2018;25.8;18.4;20.4
17/01/2018;26.4;18.8;20.8
18/01/2018;27.4;17.9;21.6
19/01/2018;23.1;16.1;19.8
20/01/2018;26.1;16.8;20.9
21/01/2018;25.2;16.9;20.2
22/01/2018;28.6;16.3;20.7
23/01/2018;30.2;16.4;21.4
24/01/2018;28.1;16.3;20.5
25/01/2018;26;15.6;20.4
26/01/2018;21;16.6;18.8
27/01/2018;24.2;15.3;18.7
28/01/2018;27.8;16.9;20.2
29/01/2018;27;14.5;21.7
30/01/2018;27.4;14.2;19.8
31/01/2018;27.7;12.5;20.3
01/02/2018;26.3;12.4;19.8
02/02/2018;28.3;12.5;20.9
03/02/2018;28.1;12.3;21
04/02/2018;28.2;14.5;20.1
05/02/2018;27.6;12.4;20.2
03/10/2018;21.7;16.6;18.6
04/10/2018;23.3;8.7;17.7
05/10/2018;22.5;7.3;14.8
06/10/2018;16.2;11.5;13.4
07/10/2018;15.8;11.1;13.6
08/10/2018;19.6;15.3;17.1
09/10/2018;27.5;15.8;21
10/10/2018;24.7;14.4;19.2
11/10/2018;18.8;12.9;15.8
12/10/2018;22.9;12.8;17.1
13/10/2018;20.2;14.6;18.6
14/10/2018;16.6;13.1;15.2
15/10/2018;19;13;15.5
16/10/2018;19.9;14.4;16.7
17/10/2018;25.4;16.4;19.1
18/10/2018;18.3;12.8;16.5
19/10/2018;24.6;12.5;18
20/10/2018;22.6;11.4;16.5
21/10/2018;22.6;9.8;15.9
22/10/2018;26.7;12.6;18.7
23/10/2018;22;14.1;17.4
24/10/2018;17.3;13.6;15.4
25/10/2018;20.3;13.7;16.5
26/10/2018;19.9;16.4;18.1
27/10/2018;20.1;9.3;17.1
28/10/2018;24.5;6.8;15.3
29/10/2018;22.3;11.8;16.2
30/10/2018;27.9;14.3;20
31/10/2018;18;14.6;16.7
01/11/2018;21.1;14.81;17
02/11/2018;24.4;12.88;18.3
03/11/2018;24.6;14.41;18.4
04/11/2018;25.6;12.85;18.4
05/11/2018;25.9;14.17;18.6
06/11/2018;27.2;11.99;18.9
07/11/2018;25.5;15.84;19.7
08/11/2018;21.6;13.03;16.8
09/11/2018;22.7;13.82;17.7
10/11/2018;22.8;15.73;18.6
11/11/2018;29;15.57;21.2
12/11/2018;29.3;14.71;22.1
13/11/2018;29.1;18.84;23.1
14/11/2018;22;18.23;19.6
15/11/2018;27.4;15.1;20.3
16/11/2018;29.5;14.45;21.2
17/11/2018;26.3;16.22;20.9
18/11/2018;20.5;16.17;17.7
19/11/2018;25.1;14.52;18.4
20/11/2018;26.7;11.65;18.3
21/11/2018;26.1;12.28;18.7
22/11/2018;29.1;14.31;20.5
23/11/2018;25.4;18.6;21
24/11/2018;23.3;16.67;18.9
25/11/2018;27.9;14.93;20.3
26/11/2018;26.2;14.84;19.7
27/11/2018;26.6;14.51;20
28/11/2018;22.9;15.95;19
29/11/2018;22.7;17.04;19.5
30/11/2018;24.4;15.51;18.5
01/12/2018;26.1;15.8;19.9
02/12/2018;24.5;11.8;18.2
03/12/2018;24.3;10.3;16.7
04/12/2018;25.9;6.5;16.6
05/12/2018;25.7;6.9;17.2
06/12/2018;26.6;9.5;18.8
07/12/2018;22.9;9.8;16.8
08/12/2018;24.6;5.9;16
09/12/2018;26.4;9.3;17.8
10/12/2018;30.6;13.5;21.9
11/12/2018;32.4;14.3;23.1
12/12/2018;31.9;17.7;24.6
13/12/2018;31.7;16;22.9
14/12/2018;32.3;18.5;23.9
15/12/2018;32.4;16.5;21.5
16/12/2018;29.7;16.6;21.9
17/12/2018;32.4;17.6;24.3
18/12/2018;32.2;16.7;21.6
19/12/2018;30.6;16.1;21.2
20/12/2018;29.9;15.1;20.7
21/12/2018;28.2;16;19.8
22/12/2018;26.1;14.3;20.3
23/12/2018;28.2;16.6;22
24/12/2018;25.1;16.7;20.7
25/12/2018;25.3;17.9;21
26/12/2018;24.6;14.5;18.7
27/12/2018;27.7;14;20.6
28/12/2018;29.4;16.5;22.4
29/12/2018;31.6;17.9;24.4
30/12/2018;29.3;19.6;23.4
31/12/2018;30.8;17.8;23.1
01/01/2019;32.1;16.4;24.2
02/01/2019;33.3;20.2;25.5
03/01/2019;31.2;19.6;24.8
04/01/2019;27.5;20.1;22.5
05/01/2019;29.2;19;21.9
06/01/2019;27.2;18.4;21.3
07/01/2019;28;20.5;22.6
08/01/2019;26.6;20;22.6
09/01/2019;32;20.3;23.6
10/01/2019;31.1;17.9;21.8
11/01/2019;28.9;17.3;22
12/01/2019;30.4;18.4;22.2
13/01/2019;30.1;17.8;21.6
14/01/2019;28.2;18.5;21.2
15/01/2019;31.2;18.7;21.8
16/01/2019;30.4;18.9;22.8
17/01/2019;31.3;18.1;22.3
18/01/2019;30.3;18.1;22.2
19/01/2019;26.3;18.4;21.5
20/01/2019;27.1;17.9;21
21/01/2019;28.5;18.2;22.7
22/01/2019;32.7;15.5;23.9
23/01/2019;31.3;21.5;24.3
24/01/2019;31.1;18.8;23.2
25/01/2019;27.3;19;22.1
26/01/2019;29.4;17.5;22.5
27/01/2019;29.6;18.9;23.2
28/01/2019;31.3;18.8;24.4
29/01/2019;34;17.2;24.6
30/01/2019;33.6;17.3;25.1
31/01/2019;31.1;17.1;22.7
01/02/2019;32.5;17.7;22.9
02/02/2019;31.8;18.6;21.5
03/02/2019;24.5;17;20
04/02/2019;20.3;15.1;17.3
05/02/2019;20.7;15.4;17.7
06/02/2019;25.7;15.8;19.1
07/02/2019;28.5;15.8;20.9
08/02/2019;29.9;13.3;21.4
09/02/2019;32;16.1;23.4
10/02/2019;30.9;19.6;24.2
11/02/2019;30.3;19.2;23.9
12/02/2019;25.1;17.9;20.6
